target,candidate,roc_auc,pr_auc,selected_champion,selection_rationale,source_experiment,source_artifact,source_sha256
spine_positioning,Current baseline,0.8266666666666667,0.5443065210195299,NO,,challenger-c7-05c-three-model-audit-v1,three-model-comparison-v1.csv,c26cbddf16966676f639b4e943ca7975b982d6420ff81ba7899c00479a34b633
spine_positioning,RAD-DINO frozen linear probe,0.5680000000000001,0.1740079365079365,NO,,challenger-c7-05c-three-model-audit-v1,three-model-comparison-v1.csv,c26cbddf16966676f639b4e943ca7975b982d6420ff81ba7899c00479a34b633
spine_positioning,BiomedCLIP frozen linear probe,0.992,0.925,YES,Highest development ROC-AUC and PR-AUC; current+Biomed fusion was lower on both point estimates.,challenger-c7-05c-three-model-audit-v1,three-model-comparison-v1.csv,c26cbddf16966676f639b4e943ca7975b982d6420ff81ba7899c00479a34b633
spine_positioning,Current + BiomedCLIP 50/50,0.9653333333333333,0.7958333333333334,NO,,challenger-c7-05c-three-model-audit-v1,three-model-comparison-v1.csv,c26cbddf16966676f639b4e943ca7975b982d6420ff81ba7899c00479a34b633
spine_axis,Current deterministic axis magnitude,0.859375,0.3814867424242424,YES,Deterministic |axis_angle_deg| ranking substantially outperformed RAD-DINO and BiomedCLIP on development OOF.,challenger-c7-05c-three-model-audit-v1,three-model-comparison-v1.csv,c26cbddf16966676f639b4e943ca7975b982d6420ff81ba7899c00479a34b633
spine_axis,RAD-DINO frozen linear probe,0.5503472222222222,0.13176362976617906,NO,,challenger-c7-05c-three-model-audit-v1,three-model-comparison-v1.csv,c26cbddf16966676f639b4e943ca7975b982d6420ff81ba7899c00479a34b633
spine_axis,BiomedCLIP frozen linear probe,0.4097222222222222,0.09762247987266257,NO,,challenger-c7-05c-three-model-audit-v1,three-model-comparison-v1.csv,c26cbddf16966676f639b4e943ca7975b982d6420ff81ba7899c00479a34b633
spine_artifact,Current baseline,0.7012987012987013,0.2903082985271815,NO,,challenger-c7-05c-three-model-audit-v1,three-model-comparison-v1.csv,c26cbddf16966676f639b4e943ca7975b982d6420ff81ba7899c00479a34b633
spine_artifact,RAD-DINO frozen linear probe,0.8484848484848484,0.6909185332497466,YES,"Standalone RAD-DINO retained: current+RAD produced only a very small ROC increase while lowering PR-AUC, and the paired bootstrap did not show a stable fusion advantage.",challenger-c7-05c-three-model-audit-v1,three-model-comparison-v1.csv,c26cbddf16966676f639b4e943ca7975b982d6420ff81ba7899c00479a34b633
spine_artifact,BiomedCLIP frozen linear probe,0.6839826839826839,0.310035177716423,NO,,challenger-c7-05c-three-model-audit-v1,three-model-comparison-v1.csv,c26cbddf16966676f639b4e943ca7975b982d6420ff81ba7899c00479a34b633
spine_artifact,Current + RAD-DINO 50/50,0.8571428571428571,0.6493729748677781,NO,,challenger-c7-05c-three-model-audit-v1,three-model-comparison-v1.csv,c26cbddf16966676f639b4e943ca7975b982d6420ff81ba7899c00479a34b633
spine_quality,Current direct,0.6254545454545455,0.42462853576078463,NO,,challenger-c7-10a-spine-quality-fixed-fusion-v1,c7-10a-report-v1.json,b7fb407f4c254ea4ea0aeb394e16626d883738162053b7305eeea75a7daad326
spine_quality,Current + RAD-DINO 50/50,0.6778181818181818,0.5460880477391958,NO,,challenger-c7-10a-spine-quality-fixed-fusion-v1,c7-10a-report-v1.json,b7fb407f4c254ea4ea0aeb394e16626d883738162053b7305eeea75a7daad326
spine_quality,Specialist max aggregation,0.8425454545454545,0.6239991091471775,NO,,challenger-c7-10a-spine-quality-fixed-fusion-v1,c7-10a-report-v1.json,b7fb407f4c254ea4ea0aeb394e16626d883738162053b7305eeea75a7daad326
spine_quality,Specialist mean aggregation,0.84,0.6561869522086068,YES,Predeclared specialist mean retained: ROC was essentially tied with specialist max while PR-AUC was higher. No fitted fusion weights were used.,challenger-c7-10a-spine-quality-fixed-fusion-v1,c7-10a-report-v1.json,b7fb407f4c254ea4ea0aeb394e16626d883738162053b7305eeea75a7daad326
hip_positioning_rotation,Current ResNet18 baseline,0.7571049640015158,0.5484369283764257,NO,,challenger-c7-07b-c2-frozen-fold-replay-v1,c7-07b-report-v1.json,8497650a539691a2887547170058c7275b0776f0c304904fd9dbcbdda58fbf35
hip_positioning_rotation,C2 center-medial replay,0.812807881773399,0.642443124090577,NO,,challenger-c7-07b-c2-frozen-fold-replay-v1,c7-07b-report-v1.json,8497650a539691a2887547170058c7275b0776f0c304904fd9dbcbdda58fbf35
hip_positioning_rotation,Current ResNet18 + C2 center-medial 50/50,0.8268283440697233,0.6471929650779138,YES,Frozen fixed 50/50 fusion improved development ROC-AUC and PR-AUC over both the current baseline and frozen C2 replay.,challenger-c7-07b-c2-frozen-fold-replay-v1,c7-07b-report-v1.json,8497650a539691a2887547170058c7275b0776f0c304904fd9dbcbdda58fbf35
hip_positioning_rotation,RAD-DINO frozen linear probe,0.6339522546419099,0.3382170221027785,NO,,challenger-c7-05c-three-model-audit-v1,three-model-comparison-v1.csv,c26cbddf16966676f639b4e943ca7975b982d6420ff81ba7899c00479a34b633
hip_positioning_rotation,BiomedCLIP frozen linear probe,0.579386131110269,0.3865625858652929,NO,,challenger-c7-05c-three-model-audit-v1,three-model-comparison-v1.csv,c26cbddf16966676f639b4e943ca7975b982d6420ff81ba7899c00479a34b633
hip_roi,Current baseline,0.7565217391304347,0.13193355729749906,NO,,challenger-c7-05c-three-model-audit-v1,three-model-comparison-v1.csv,c26cbddf16966676f639b4e943ca7975b982d6420ff81ba7899c00479a34b633
hip_roi,RAD-DINO frozen linear probe,0.711304347826087,0.20245647969052225,NO,,challenger-c7-05c-three-model-audit-v1,three-model-comparison-v1.csv,c26cbddf16966676f639b4e943ca7975b982d6420ff81ba7899c00479a34b633
hip_roi,BiomedCLIP frozen linear probe,0.41565217391304343,0.09906031513076091,NO,,challenger-c7-05c-three-model-audit-v1,three-model-comparison-v1.csv,c26cbddf16966676f639b4e943ca7975b982d6420ff81ba7899c00479a34b633
hip_roi,FOV geometry specialist,0.8365217391304348,0.5453333333333333,YES,Geometry/FOV specialist gave the strongest development ROC/PR combination among the retained ROI candidates.,challenger-c7-09b-hip-roi-physical-v1,c7-09b-report-v1.json,e78b259ccb8adc6032c185f239339b7c8e7f09992aa7b152378ffdf0f17d6e99
hip_roi,Current + FOV geometry 50/50,0.8330434782608696,0.49726045883940617,NO,,challenger-c7-09b-hip-roi-physical-v1,c7-09b-report-v1.json,e78b259ccb8adc6032c185f239339b7c8e7f09992aa7b152378ffdf0f17d6e99
hip_quality,Direct overall hip-quality score,0.7676767676767676,0.6162767923024066,NO,,challenger-c7-12b-hip-quality-roi-propagation-v1,c7-12b-report-v1.json,d1b97a3772e9fe095ea04b027316a87478916cc17775ab5f78398d70bfead1a2
hip_quality,"max(rotation, ROI geometry)",0.8349007314524555,0.6802724920214541,NO,,challenger-c7-12b-hip-quality-roi-propagation-v1,c7-12b-report-v1.json,d1b97a3772e9fe095ea04b027316a87478916cc17775ab5f78398d70bfead1a2
hip_quality,"max(rotation, ROI geometry/current)",0.8387321490769766,0.7042111450551003,NO,,challenger-c7-12b-hip-quality-roi-propagation-v1,c7-12b-report-v1.json,d1b97a3772e9fe095ea04b027316a87478916cc17775ab5f78398d70bfead1a2
hip_quality,"max(rotation, min(ROI geometry, ROI RAD-DINO))",0.8575409265064438,0.7294556578241116,YES,Highest development ROC-AUC and PR-AUC among the retained fixed hip-quality formulas; conservative RAD-DINO gating is used only inside overall hip quality.,challenger-c7-12b-hip-quality-roi-propagation-v1,c7-12b-report-v1.json,d1b97a3772e9fe095ea04b027316a87478916cc17775ab5f78398d70bfead1a2
